Summary,Issue key,Issue id,Issue Type,Status,Project key,Project name,Project type,Project lead,Project description,Project url,Priority,Resolution,Assignee,Reporter,Creator,Created,Updated,Last Viewed,Resolved,Version / Delivery,Version / Delivery,Component/s,Component/s,Due Date,Votes,Labels,Labels,Labels,Description,Environment,Watchers,Watchers,Watchers,Log Work,Original Estimate,Remaining Estimate,Time Spent,Work Ratio,Σ Original Estimate,Σ Remaining Estimate,Σ Time Spent,Inward issue link (Dependency),Outward issue link (Dependency),Inward issue link (Follow up),Inward issue link (Follow up),Outward issue link (Follow up),Inward issue link (Parent-Child),Inward issue link (Parent-Child),Outward issue link (Parent-Child),Outward issue link (Parent-Child),Outward issue link (Parent-Child),Outward issue link (Parent-Child),Outward issue link (Parent-Child),Outward issue link (Parent-Child),Outward issue link (Parent-Child),Outward issue link (Parent-Child),Outward issue link (Parent-Child),Outward issue link (Parent-Child),Outward issue link (Parent-Child),Outward issue link (Parent-Child),Outward issue link (Parent-Child),Outward issue link (Parent-Child),Outward issue link (Parent-Child),Outward issue link (Parent-Child),Outward issue link (Parent-Child),Inward issue link (Relation),Inward issue link (Relation),Inward issue link (Relation),Inward issue link (Relation),Outward issue link (Relation),Outward issue link (Relation),Outward issue link (Relation),Outward issue link (Relation),Outward issue link (Relation),Outward issue link (Relation),Outward issue link (Relation),Outward issue link (Relation),Outward issue link (Relation),Inward issue link (Resolution),Attachment,Custom field (Acceptance Criteria),Custom field (Acceptance Testing),Custom field (Accountable),Custom field (Additional Comments),Custom field (Affected Customer(s)),Custom field (Agile Team),Custom field (Approved & Confirmed),Custom field (Architect),Custom field (Assessment),Custom field (At Risk),Custom field (Audience),Custom field (Automatic Test status),Custom field (Automation defect),Custom field (BCP ID),Custom field (BCPLinked),Custom field (Background),Custom field (Benefit),Custom field (Business Accountables),Custom field (Business Feature),Custom field (Business Impact),Custom field (Business Justification),Custom field (Business Processes),Custom field (Business Representative),Custom field (Category),Custom field (Classification),Custom field (Cluster),Custom field (Commitment Status),Custom field (Completion Progress [%]),Custom field (Complexity),Custom field (Confidence_toBeDeleted),Custom field (Consumed),Custom field (Consumer),Custom field (Contributor(s)),Custom field (Customer ERP #),Custom field (Customer Impact),Custom field (Customer Reach),Custom field (Customer Release Note Required),Custom field (Customer(s)),Custom field (DB Environment),Custom field (Day One Impact),Custom field (Decision Statement ),Custom field (Decision Status),Custom field (Defect Review Status),Custom field (Defect Type),Definition of Done,Definition of Done,Definition of Done,Definition of Done,Definition of Ready,Definition of Ready,Definition of Ready,Definition of Ready,Definition of Ready,Definition of Ready,Definition of Ready,Definition of Ready,Definition of Ready,Definition of Ready,Definition of Ready,Definition of Ready,Definition of Ready,Custom field (Delivered for SAP Event),Custom field (Delivering Unit),Custom field (Delivery Setup),Custom field (Delivery Type),Custom field (Delivery Way),Custom field (Deployment Unit Info),Custom field (Design Reviewers),Custom field (Dev Assigned To),Custom field (Dev Status),Custom field (Dev Task Type),Custom field (Development End ),Custom field (Development Start ),Custom field (Disposition),Custom field (Doc Task Type),Custom field (Document Links),Custom field (Document URL),Custom field (Enabler),Custom field (Epic Link),Custom field (Epic/Theme),Custom field (Executive Summary),Custom field (Expected Behaviour),Custom field (Expected Effort),Custom field (Expiration Date),Custom field (External Communication),Custom field (External Communication.),Custom field (External ID),Custom field (External issue ID),Custom field (External issue ID01),Custom field (Feature Toggle),Custom field (Feature Toggle ID),Custom field (Flagged),Custom field (GS Product Unit Head),Custom field (IC Rank Revenue Impact),Custom field (IEG Demand in PD),Custom field (IEG Sending Unit),Custom field (IPLastExportTime),Custom field (IT Owner),Custom field (Idea Rejection Reason ),Custom field (Impact if not delivered),Custom field (Impacted SAP Process(es)),Custom field (Implementation Effort),Custom field (Implementation Reviewers),Custom field (Implementer(s)),Custom field (Include in release notes),Custom field (Increment),Custom field (Industry),Custom field (Integrated),Custom field (Interaction Design Responsible),Custom field (Investment Cluster & Strategic Theme),Custom field (Issue Flags),Custom field (Job Size),Custom field (Justification),Custom field (Knowledge Management Description),Custom field (Known Issue Status),Custom field (LPM),Custom field (Landscape),Custom field (Languages),Custom field (Leading Workstream),Custom field (License),Custom field (Link to ServiceNow),Custom field (Management Commitment Status),Custom field (Manual Activity),Custom field (Manual Test Steps),Custom field (Message Type),Custom field (Mgmt Status),Custom field (Min. Scope),Custom field (Module),Custom field (Objective),Custom field (Observed Behaviour),Custom field (Original story points),Custom field (Parent Link),Custom field (Perforce Note),Custom field (Persona),Custom field (Pillar),Custom field (Planned Delivery Date (PDD)),Custom field (Planned Effort),Custom field (Planned Feature Delivery),Custom field (Planned Start of Feature Development),Custom field (Planning Cycle),Custom field (Planning Cycles),Custom field (Platforms),Custom field (Primary Contact),Custom field (Primary Loss Event Frequency),Custom field (Primary Loss Magnitude),Custom field (Problem),Custom field (Process),Custom field (Product),Custom field (Product Area),Custom field (Product Docs),Custom field (Product Manager),Custom field (Program(s)),Custom field (Project Assignment),Custom field (Publishing Date),Custom field (Publishing Status),Custom field (QM Status),Custom field (Quality Level),Custom field (Quarter),"Custom field (RR | OE value)",Custom field (Rank),Custom field (Rank (Obsolete)),Custom field (Rank By Project),Custom field (Rank Cost Benefit Ratio),Custom field (Rank Existing Customer Satisfaction),Custom field (Rank Legal and Compliance Impact),Custom field (Rank Mandatory),Custom field (Rank New Customer Attractiveness),Custom field (Rank SAP Strategy Contribution),Custom field (Rank TCO and Technical Debt),Custom field (Receiving Team),Custom field (Receiving Unit),Custom field (Receiving team (planned)),Custom field (Region),Custom field (Related Notes/Hotfix Number),Custom field (Release Backlog),Custom field (Release Note Content),Custom field (Release Note Status),Custom field (Release Note Title),Custom field (Release To Customer Date (RTCD)),Custom field (Request Context),Custom field (Requested Delivery Date (RDD)),Custom field (Requested Fix Version),Custom field (RequestingPillar),Custom field (Requestor),Custom field (Requirement Status),Custom field (Requirement Type),Custom field (Review Group),Custom field (Review Meeting Details),Custom field (Risk Analysis),Custom field (Risk Description),Custom field (Risk Financial Impact),Custom field (Risk Impact),Custom field (Risk Information),Custom field (Risk Likelihood),Custom field (Risk Owner),Custom field (Risk State),Custom field (Root Cause Analysis),Custom field (Root Cause of Defect),Custom field (Scope),Custom field (Secondary Contact),Custom field (Secondary Loss Event Probability),Custom field (Secondary Loss Magnitude),Custom field (Security & Compliance),Custom field (Security Type),Custom field (Send to Solution Validation),Custom field (ServiceNow Number),Custom field (Software OS),Custom field (Solution),Custom field (Solution Area/s),Custom field (Specification Reviewers),Custom field (Specs Done),Custom field (Sponsor),Custom field (Sponsor(s)),Sprint,Sprint,Sprint,Custom field (Stack),Custom field (Stakeholder),Custom field (Start Date),Custom field (Status (Detailed)),Custom field (Status Comments),Custom field (Steps to Duplicate),Custom field (Story Points),Custom field (Structure Index Monitor),Custom field (Submission Category),Custom field (T-Shirt Size),Custom field (TCLinked),Custom field (TIP BIT Products),Custom field (TIP Test Relevance),Custom field (TIPJira ID),Custom field (Target Release),Custom field (Target Release [deprecated]),Custom field (Target end),Custom field (Target start),Custom field (Team),Custom field (Team(s)),Custom field (Test Count),Custom field (Test Execution Status),Custom field (Test Plan),Custom field (Test Status decentral),Custom field (Tester Assigned To),Custom field (Testing Activity),Custom field (Threat Event Frequency),Custom field (Tier),Custom field (Time Criticality),Custom field (Title),Custom field (ToBeDeleted VA VM Names),Custom field (Total Costs in Euros),Custom field (Traceability Relevant),Custom field (Type),Custom field (URL),Custom field (Urgency),Custom field (User Experience),Custom field (User-Business Value),Custom field (VA Documentation),Custom field (VA Handover Parameters),Custom field (Validate Reason),Custom field (Validation Type),Custom field (Validator),Custom field (Value Points),Custom field (Value when delivered),Custom field (Vulnerability),Custom field (WSJF),Custom field (Year),Custom field (_BCPIncident),Custom field (archived-issue-links),Comment,Comment,Comment
[SAM]: PROD enable avatar,UIDX-6351,26440432,Activity,Done,UIDX,UIDX,software,D051415,,,Medium,,C5380841,C5403847,C5403847,02 Sep 2025 08:10,06 Nov 2025 08:57,10 Nov 2025 12:35,,release 42.2,,SAM,,05 Sep 2024 00:00,0,,,,,,,,,,,,,,,,,,,,,,ARTDATA-5024,,,,,,,,,,,,,,,,,,,,,,,,,,,,,,,,,,,,,,,,No,,,,,,,,No,,,,,,,,,,,,,,,,02 Sep 2025 00:00,,,,,,,,,,,,,Internal,,,,Empty,,,,,,,,,,,,,,,,,,,,,,,,,,,,,,,,,,,,,,,,,,,,,,,,,,,,,,,,,,,,,,Foundation -> Data Technology & Foundation,,,,,,,,,,,,,,[],,Green,Yes,,,,,,,,,07 Dec 2025 00:00,,,,,,,,,,,,,,Not Set,,,,,,,,,,"2|jd6r30:",9223372036854775807,,,,,,,37.0,,,,,,,No,,,,,,,,,,,,,,,,,,,,,,,,,,,,,,Yes,,,,,,,,,CIM Iteration 25.4.4,,,,,,Maintain Status information,,,1.0,,,,,,,,,,,,,Magenta,,"{""issueId"":26440432,""testStatuses"":[]}",,,,Interoperability Test,,,,,maintain in CAL Solution Editor,,,,,,,,,maintain in CAL Solution Editor,,,,,,,,,,,,,
[Account Manager] Update to GDPR statement,UIDX-6318,26384071,Story,clarification,UIDX,UIDX,software,D051415,,,Medium,,,C5403847,C5403847,28 Aug 2025 08:59,10 Nov 2025 08:33,10 Nov 2025 12:36,,,,,,,0,Magenta,PI-Q4-2025,UID,TrustArc - update to GDPR statement,,,,,,,,,,,,,,,,,,ARTDATA-5024,,,,,,,,,,,,,,,,,,,,,,,,,,,,,,,,,,,,,,,,No,,,,,,,,No,,,,,,,,,,,,,,,,28 Aug 2025 00:00,,,,,,,,,,,,,Internal,,,,Empty,,,,,,,,,,,,,,,,,,,,,,,,,,,,,,,,,,,,,,,,,,,,,,,,,,,,,,,,,,,,,,Continuous Optimization -> Funnel 07 IT,,,,,,,,,,,,,,[],,Green,Yes,,,,,,,,,07 Dec 2025 00:00,,,,,,,,,,,,,,Not Set,,,,,,,,,,"2|iiauwp:01xw4a0a9c242hsi",9223372036854775807,,,,,,,253.0,,,,,,,No,,,,,,,,,,,,,,,,,,,,,,,,,,,,,,Yes,,,,,,,,,CIM IP Iteration 25.4.6,,,,,,Maintain Status information,,,1.0,,,,,,,,,,,,,Magenta,,"{""issueId"":26384071,""testStatuses"":[]}",,,,Interoperability Test,,,,,maintain in CAL Solution Editor,,,,,,,,,maintain in CAL Solution Editor,,,,,,,,,,,,,
[SAM][FE/QA] Upload and Delete avatar,UIDX-6317,26383565,Story,Done,UIDX,UIDX,software,D051415,,,High,,C5393091,C5403847,C5403847,28 Aug 2025 08:58,10 Nov 2025 11:05,10 Nov 2025 12:36,,release 42.1,release 44.0,SAM,,,0,frontend,qa,,"*Background*
Front-end work and accessibility testing effort for uploading and deleting avatar.

Figma: [https://www.figma.com/design/yyAxcNFkmELHbOy0QPKoou/Account-manager-in-SAP4me-Tickets?node-id=1479-14699&t=NTSp75Gtjr37fxEM-1] [https://www.figma.com/design/yyAxcNFkmELHbOy0QPKoou/Account-manager-in-SAP4me-Tickets?node-id=1232-16949&t=66AddmyqSZnY9xn7-1]
Implementation Technical Details > [https://wiki.one.int.sap/wiki/x/40sEQgE]

*Technical Details [Avatar Client API]:*
Profile team has implemented UID Avatar Upload, Delete and resizing > [https://profile.sap.com/. |https://profile.sap.com/] Here are some details on their implementation
 #  Overall avatar editing ui code is incorporated to the repository [https://github.tools.sap/sap-community/com.sap.profile.ui]
 # Precise location of the implementation is [https://github.tools.sap/sap-community/com.sap.profile.ui/tree/main/src/modules/profile/components/avatar-editor]
 # *react-easy-crop* [https://github.tools.sap/sap-community/com.sap.profile.ui/blob/main/package.json#L45]  [https://www.npmjs.com/package/react-easy-crop]  and  *react-dropzone* [https://github.tools.sap/sap-community/com.sap.profile.ui/blob/main/package.json#L44]. [https://www.npmjs.com/package/react-dropzone] are used + r{*}eact-image-file-resizer{*} [https://www.npmjs.com/package/react-image-file-resizer]
 # [AvatarEditor.tsx|https://github.tools.sap/sap-community/com.sap.profile.ui/blob/main/src/modules/profile/components/avatar-editor/AvatarEditor.tsx] is implemented by our team to assemble dialog from libs functionality.

*Acceptance Criteria*
A/C #1 - Avatar upload
GIVEN User uploads a image
WHEN Image format is jpeg. 
THEN avatar image is updated and success message is shown

A/C #2 - Avatar upload (validation)
GIVEN User uploads a image
WHEN Image format is not jpeg. 
THEN Show error message, avatar upload not successful image to the user
 
A/C #3 - Avatar delete
GIVEN User deletes avatar image
THEN Show message that avatar was successfully deleted

 

+*Technical:*+

*_Upload:_*

 
{code:java}
POST /v1/avatar?idsName={idsName}

Headers:
Authentication: Bearer {accessToken}
Content-Type: multipart/form-data

Body:
multipart/form-data -> file
key: avatar
value: {file.jpeg}
Content-Type: image/jpeg  {code}
 

_Note: Allow upload only jpeg files._

*_Delete_*
{code:java}
DELETE /v1/avatar?idsName={idsName}

Headers:
Authentication: Bearer {accessToken}
{code}
 

+*List of possible validation errors*+
{code:java}
MISSING_MULTIPART_DATA
TOO_MANY_FILES
IMAGE_NAME_MUST_BE_AVATAR
IMAGE_FORMAT_ONLY_JPEG
IMAGE_INVALID_DATA
MISSING_IDS_NAME
USER_IS_INACTIVE
INVALID_USER {code}
 

+*_Format of error messages:_*+
{code:java}
{
  ""details"": ""MISSING_IDS_NAME"",
  ""traceId"": ""68ef62a078ee7381e0d5b52c9723c4fd""
} {code}
 ",,C5385621,,,,,,,,,,,,,,,UIDX-6315,ARTDATA-5024,,,,,,,,,,,,,,,,,,,IUMQA-3120,IUMQA-3089,UIDX-6877,IUMQA-3131,IUMQA-2819,IUMQA-2818,IUMQA-2817,IUMQA-2816,IUMQA-2815,IUMQA-3117,UIDX-6876,UIDX-6883,UIDX-6910,,,,,,,,,No,,,,,,,,No,,,,,,,,,,,,,,,,28 Aug 2025 00:00,,,,,,,,,,,,,Internal,,,,Empty,,,,,,,,,,,,,,,,,,,,,,,,,,,,,,,,,,,,,,,,,,,,,,,,,,,,,,,,,,,,,,Continuous Optimization -> Funnel 07 IT,,,,,,,,,,,,,,[],,Green,Yes,,,,,,,,,07 Dec 2025 00:00,,,,,,,,,,,,,,Not Set,,,,,,,,,,"2|iiauwp:01xw4a0a9c242hs5i",9223372036854775807,,,,,,,253.0,,,,,,,No,,,,,,,,,,,,,,,,,,,,,,,,,,,,,,Yes,,,,,,,,,CIM Iteration 25.4.4,,,,,,Maintain Status information,,,5.0,,,,,,,,,,,,,Magenta,,"{""issueId"":26383565,""testStatuses"":[]}",,,,Interoperability Test,,,,,maintain in CAL Solution Editor,,,,,,,,,maintain in CAL Solution Editor,,,,,,,,,,,"24 Oct 2025 14:32;C5385621;verified in QA;;;",,
[SAM/Avatar][FE] Refactoring,UIDX-6316,26383548,Activity,Done,UIDX,UIDX,software,D051415,,,Medium,,C5393091,C5403847,C5403847,28 Aug 2025 08:56,10 Nov 2025 11:09,10 Nov 2025 12:36,,release 44.0,,Identity Renovation,SAM,,0,frontend,,,"Focus on:
 * Code clean up
 * Better state management",,C5385621,C5403847,,,,,,,,,,,,,,,ARTDATA-5024,,,,,,,,,,,,,,,,,,,IUMQA-3112,,,,IUMQA-2815,IUMQA-2816,IUMQA-2817,IUMQA-2818,IUMQA-2819,IUMQA-3117,IUMQA-3120,IUMQA-3131,,,,,,,,,,No,,,,,,,,No,,,,,,,,,,,,,,,,28 Aug 2025 00:00,,,,,,,,,,,,,Internal,,,,Empty,,,,,,,,,,,,,,,,,,,,,,,,,,,,,,,,,,,,,,,,,,,,,,,,,,,,,,,,,,,,,,Continuous Optimization -> Funnel 07 IT,,,,,,,,,,,,,,[],,Green,Yes,,,,,,,,,07 Dec 2025 00:00,,,,,,,,,,,,,,Not Set,,,,,,,,,,"0|i0fc4p:00000000140064301y",9223372036854775807,,,,,,,253.0,,,,,,,No,,,,,,,,,,,,,,,,,,,,,,,,,,,,,,Yes,,,,,,,,,CIM Iteration 25.4.5,,,,,,Maintain Status information,,,5.0,,,,,,,,,,,,,Magenta,,"{""issueId"":26383548,""testStatuses"":[]}",,,,,,,,,maintain in CAL Solution Editor,,,,,,,,,maintain in CAL Solution Editor,,,,,,,,,,,"10 Nov 2025 11:09;C5385621;verified in QA;;;",,
[SAM][BE]Upload and Delete avatar,UIDX-6315,26383541,Story,Done,UIDX,UIDX,software,D051415,,,High,,I762755,C5403847,C5403847,28 Aug 2025 08:55,03 Nov 2025 10:25,10 Nov 2025 12:36,,release 42.1,,SAM,,,0,backend,,,"Profile team has implemented feature to upload IDS Avatar Image. SAM backend should integrate with profile API to upload and delete avatar image, also SAM backend should expose endpoints secured by access_token to upload and delete avatar image. 

Avatar implementation is documented here > [https://wiki.one.int.sap/wiki/x/40sEQgE]
 * Url generation logic with salt is implemented as part of UIDX-6313, refactore the code so *avatar-owner i.e* the unique IDS image value generation is one place. 
 * Validate the file format is jpg. On error, return http status 400 (Bad request)

 * If the profile api is down. Return status 500, try again later. **

 

*Acceptance Criteria:*
A/C #1 - Avatar upload
GIVEN user uploads a  image
WHEN Image format is jpeg. 
THEN call profile endpoint to save the image. Return http status 200 & image url you receive from profile api. 

 

A/C #2 - Avatar upload
GIVEN user uploads a image
WHEN Image format is not jpeg. 
THEN  Return http status 400, with appropriate error status. 

 

A/C #3 - Avatar delete
GIVEN user deletes image
THEN call profile endpoint to delete the image. Return http status 204. 

 

A/C #4 - Avatar api is down
GIVEN user upload or delete image
WHEN profile api is down. 
THEN return 500. 

Note: not possible to simulate for testing we are not owners of avatar api.

 

A/C #5 - Avatar api returns error
GIVEN user upload or delete image
WHEN profile api return error
THEN forward response to user

 

A/C #6 - Avatar api returns error
GIVEN user upload image with size bigger than 5 MB
THEN returns error HTTP 413

 

+*List of possible validation errors*+
{code:java}
MISSING_MULTIPART_DATA
TOO_MANY_FILES
IMAGE_NAME_MUST_BE_AVATAR
IMAGE_FORMAT_ONLY_JPEG
IMAGE_INVALID_DATA
MISSING_IDS_NAME
USER_IS_INACTIVE
INVALID_USER {code}
+*_Format of error messages:_*+
{code:java}
{
  ""details"": ""MISSING_IDS_NAME"",
  ""traceId"": ""68ef62a078ee7381e0d5b52c9723c4fd""
} {code}
 

For testing needed to be used QA env as Profile API does not have dev env.

+*echnical:*+

*_Upload:_*

 
{code:java}
POST /v1/avatar?idsName={idsName}

Headers:
Authentication: Bearer {accessToken}
Content-Type: multipart/form-data

Body:
multipart/form-data -> file
key: avatar
value: {file.jpeg}
Content-Type: image/jpeg  {code}
 

_Note: Allow upload only jpeg files._

*_Delete_*
{code:java}
DELETE /v1/avatar?idsName={idsName}

Headers:
Authentication: Bearer {accessToken}{code}",,C5380841,C5385621,C5403847,,,,,,,,,,,UIDX-6317,UIDX-4705,,ARTDATA-5024,,,,,,,,,,,,,,,,,,,IUMQA-3102,IUMQA-3103,IUMQA-3089,,IUMQA-3104,,,,,,,,,,"06 Oct 2025 09:28;C5380841;image-2025-10-06-11-28-42-144.png;https://jira.tools.sap/secure/attachment/9870025/image-2025-10-06-11-28-42-144.png",,,,,,,No,,,,,,,,No,,,,,,,,,,,,,,,,28 Aug 2025 00:00,,,,,,,,,,,,,Internal,,,,Empty,,,,,,,,,,,,,,,,,,,,,,,,,,,,,,,,,,,,,,,,,,,,,,,,,,,,,,,,,,,,,,Continuous Optimization -> Funnel 07 IT,,,,,,,,,,,,,,[],,Green,Yes,,,,,,,,,07 Dec 2025 00:00,,,,,,,,,,,,,,Not Set,,,,,,,,,,"2|iiauwp:01xw4a0a9c242hty",9223372036854775807,,,,,,,253.0,,,,,,,No,,,,,,,,,,,,,,,,,,,,,,,,,,,,,,Yes,,,,,,,,,CIM Iteration 25.4.2,CIM Iteration 25.4.3,,,,,Maintain Status information,,,5.0,,,,,,,,,,,,,Magenta,,"{""issueId"":26383541,""testStatuses"":[]}",,,,Interoperability Test,,,,,maintain in CAL Solution Editor,,,,,,,,,maintain in CAL Solution Editor,,,,,,,,,,,"06 Oct 2025 09:28;C5380841;Does it make sense for us to verify aspect ration of image?
We could allow to sent such images and leave Avatar service decide which aspect ratio is ok.

Note documentation of avatar does not place a restriction for ration. It is just mentioned that service will scale it to 1:1 ration.

[https://wiki.one.int.sap/wiki/display/ONEPROFILE/Avatar+API] 

!image-2025-10-06-11-28-42-144.png|width=522,height=311!

 

[~I753307] , [~C5403847] ?;;;","06 Oct 2025 09:33;C5403847;[~C5380841] we can leave out the verification if avatar service does not have any restrictions and will automatically scale it to 1:1 ratio;;;","16 Oct 2025 14:11;C5385621;verified in QA.;;;"
[SAM][FE] Load avatar,UIDX-6314,26383534,Story,Done,UIDX,UIDX,software,D051415,,,High,,C5393091,C5403847,C5403847,28 Aug 2025 08:53,06 Nov 2025 08:57,10 Nov 2025 12:36,,release 42.1,,SAM,,,0,frontend,,,"*Background*
Front-end work for loading avatar.

 Figma: [https://www.figma.com/design/yyAxcNFkmELHbOy0QPKoou/Account-manager-in-SAP4me-Tickets?node-id=1479-14699&t=NTSp75Gtjr37fxEM-1] [https://www.figma.com/design/yyAxcNFkmELHbOy0QPKoou/Account-manager-in-SAP4me-Tickets?node-id=1232-16949&t=66AddmyqSZnY9xn7-1]
Implementation Technical Details > https://wiki.one.int.sap/wiki/x/40sEQgE

*Avatar Client API:*
Profile team has implemented UID Avatar Upload, It seem to have a component for display with edit icon. Please check have a check 

 #  Profile [https://profile.sap.com/. |https://profile.sap.com/] 
 # Overall avatar editing ui code is incorporated to the repository [https://github.tools.sap/sap-community/com.sap.profile.ui]
 # Precise location of the implementation is [https://github.tools.sap/sap-community/com.sap.profile.ui/tree/main/src/modules/profile/components/avatar-editor]
 # *react-easy-crop* [https://github.tools.sap/sap-community/com.sap.profile.ui/blob/main/package.json#L45]  [https://www.npmjs.com/package/react-easy-crop]  and  *react-dropzone* [https://github.tools.sap/sap-community/com.sap.profile.ui/blob/main/package.json#L44]. [https://www.npmjs.com/package/react-dropzone] are used + r{*}eact-image-file-resizer{*} [https://www.npmjs.com/package/react-image-file-resizer]
 # [AvatarEditor.tsx|https://github.tools.sap/sap-community/com.sap.profile.ui/blob/main/src/modules/profile/components/avatar-editor/AvatarEditor.tsx] is implemented by our team to assemble dialog from libs functionality.

*Acceptance Criteria*
A/C #1 - Loading avatar successfully
GIVEN User uploads image
THEN It is loaded successfully and displayed to the user

A/C #2 - Loading avatar fails
GIVEN User uploads image
WHEN It is not loaded successfully
THEN An error/unsuccess message is displayed to the user",,C5385621,I753307,,,,,,,,,,,,,,,ARTDATA-5024,,,,,,,,,,,,,,,,,,,IUMQA-3117,IUMQA-3089,,,IUMQA-2816,,,,,,,,,,"06 Oct 2025 09:01;I753307;screenshot-1.png;https://jira.tools.sap/secure/attachment/9869632/screenshot-1.png",,,,,,,No,,,,,,,,No,,,,,,,,,,,,,,,,28 Aug 2025 00:00,,,,,,,,,,,,,Internal,,,,Empty,,,,,,,,,,,,,,,,,,,,,,,,,,,,,,,,,,,,,,,,,,,,,,,,,,,,,,,,,,,,,,Continuous Optimization -> Funnel 07 IT,,,,,,,,,,,,,,[],,Green,Yes,,,,,,,,,07 Dec 2025 00:00,,,,,,,,,,,,,,Not Set,,,,,,,,,,"2|iiauwp:01xw4a0a9c242hs5r",9223372036854775807,,,,,,,253.0,,,,,,,No,,,,,,,,,,,,,,,,,,,,,,,,,,,,,,Yes,,,,,,,,,CIM Iteration 25.4.4,CIM Iteration 25.4.3,,,,,Maintain Status information,,,3.0,,,,,,,,,,,,,Magenta,,"{""issueId"":26383534,""testStatuses"":[]}",,,,Interoperability Test,,,,,maintain in CAL Solution Editor,,,,,,,,,maintain in CAL Solution Editor,,,,,,,,,,,"06 Oct 2025 09:01;I753307;[~C5393091] The avatar image are the part of v1/account endpoint. This was implemented here UIDX-6313

For every IDS user that is linked, you will see following attributes. 
    ""avatarUrlSmall"": "" https://avatars.profile-qa.sap.com/ids/0/d/id0d3_small.jpeg"",
    ""avatarUrlLarge"": "" https://avatars.profile-qa.sap.com/ids/0/d/id0d3_large.jpeg"",

 !screenshot-1.png|thumbnail! ;;;","20 Oct 2025 06:54;C5385621;There are two different behaviors found during testing, and they will be addressed within the scope of https://jira.tools.sap/browse/UIDX-6317

Responsive Dimensions:
985 x 1072 (Identity table and account details displayed):
When selecting any linked identity from the table, the avatar image displays the same image for every linked identity.
 
980 x 804 (Only identity table displayed):
When selecting any linked identity in the table and opening the account details:
The avatar image in account details is displayed correctly for identities that have an avatar image.
When switching to another identity without an avatar, the account details display the default avatar (no avatar).;;;","23 Oct 2025 06:34;C5385621;verified in QA.;;;"
[SAM][BE] Enriching V1 account endpoint,UIDX-6313,26383518,Story,Done,UIDX,UIDX,software,D051415,,,High,,I767436,C5403847,C5403847,28 Aug 2025 08:52,24 Sep 2025 14:09,10 Nov 2025 12:36,,release 40.0,,SAM,,,0,backend,,,"Avatar implementation is documented here > [https://wiki.one.int.sap/wiki/x/40sEQgE]

*Dependency:*
For salt value reachout to [~I753307] 

*Acceptance Criteria:*
avatar small and large url as part of v1/account for every IDS User
{code:java}
{
    ""email"": ""rama.ramiah@sap.com"",
    ""username"": ""S0012221155"",
    ""firstName"": ""Rama"",
    ""lastName"": ""Ramiah"",
    ""avatarUrlSmall"": "" https://avatars.profile-qa.sap.com/ids/0/d/id0d3_small.jpeg"",
    ""avatarUrlLarge"": "" https://avatars.profile-qa.sap.com/ids/0/d/id0d3_large.jpeg"",
    ...
    ""ownershipStatus"": ""BELONGS_TO_ONE_OF_VERIFIED_EMAILS"",
    ""status"": ""ACTIVE""
}{code}
 

 

 ",,C5385621,I753307,I767436,,,,,,,,,,UIDX-6444,,,,ARTDATA-5024,,,,,,,,,,,,,,,,,,,IUMQA-3022,,,,UIDX-6548,,,,,,,,,,,,,,,,,No,,,,,,,,No,,,,,,,,,,,,,,,,28 Aug 2025 00:00,,,,,,,,,,,,,Internal,,,,Empty,,,,,,,,,,,,,,,,,,,,,,,,,,,,,,,,,,,,,,,,,,,,,,,,,,,,,,,,,,,,,,Continuous Optimization -> Funnel 07 IT,,,,,,,,,,,,,,[],,Green,Yes,,,,,,,,,07 Dec 2025 00:00,,,,,,,,,,,,,,Not Set,,,,,,,,,,"2|j8qh34:",9223372036854775807,,,,,,,253.0,,,,,,,No,,,,,,,,,,,,,,,,,,,,,,,,,,,,,,Yes,,,,,,,,,CIM Iteration 25.4.1,,,,,,Maintain Status information,,,5.0,,,,,,,,,,,,,Magenta,,"{""issueId"":26383518,""testStatuses"":[]}",,,,Interoperability Test,,,,,maintain in CAL Solution Editor,,,,,,,,,maintain in CAL Solution Editor,,,,,,,,,,,"15 Sep 2025 08:54;I753307;[~C5385621]   A hint to test this. You can directly upload the IDS image to profile api using postman or similar. Then check against SAM v1/account response through the browser inspect. 

You will need help with the hash for your IDS user. Please check with [~I767436], he should be able to help you. ;;;","19 Sep 2025 09:09;I767436;There is a bug with the implementation of this ticket:

Currently, the account JSON object returned contains only one set of avatar URLs, whereas there should be a respective set for each linked IDS account contained in the response. The overall structure should look as follows:
{code:java}
{
  ""uid"": ""string"",
  ""firstName"": ""string"",
  ""lastName"": ""string"",
  ""countryCode"": ""string"",
  ""username"": ""string"",
  ""locale"": ""string"",
  ""email"": ""string"",
  ""emails"": [
    ""string""
  ],
  ...
  ""accounts"": {
    ""account@email"": {
      ""linkedAccounts"": [
        {
          ""email"": ""string"",
          ""username"": ""string"",
          ""firstName"": ""string"",
          ""lastName"": ""string"",
          ""avatarUrlSmall"": ""https://avatars.profile-qa.sap.com/ids/0/d/id0d3_small.jpeg"",
          ""avatarUrlLarge"": ""https://avatars.profile-qa.sap.com/ids/0/d/id0d3_large.jpeg"",
           ...
          ""ownershipStatus"": ""BELONGS_TO_ONE_OF_VERIFIED_EMAILS"",
          ""status"": ""string""
        }
      ],
      ""unlinkedAccounts"": []
    },
    ...
  }
}{code}
 ;;;","19 Sep 2025 09:45;C5385621;Verified on QA. Some remaining work will be covered in this defect: https://jira.tools.sap/browse/UIDX-6548;;;"
"[FE] SAM | IDS Account Avatar (no BE)",UIDX-5146,24660007,Story,Done,UIDX,UIDX,software,D051415,,,Medium,,C5393091,C5392084,C5392084,22 Apr 2025 07:27,27 Jun 2025 09:08,10 Nov 2025 12:36,,release 33.0,,SAM,,,0,frontend,,,"*As a* SAM user, *I want to have* separate avatars for different IDS identities *so that I* can manage better my linked accounts and switch easily between accounts

 

*Background*

To reflect what identity is currently authenticated we show the assigned avatar picture in the masthead. Post UID removal as IDP, user will need to be able to assign avatars on different IDS identity linked to UID. This story is about introducing such ability in SAM. 

Note the existing UID Avatar is not affected, it's still fetched from the profile.sap.com and the related APIs - see [wiki|https://wiki.one.int.sap/wiki/display/ONEPROFILE/Avatar+API]

*Technical Details*
 * This story is about preparing the FE & UX part required for UIDX-4705

 

*Note -* we aim to replicate the functional behaviour that is present on profile.sap.com, please check out how it works there currently

 

*Acceptance Criteria*
 * IDS account avatars can be hidden via feature toggle 
 * -Upon selecting an identity in the Identity table, user can view the existing avatar in the details section on the right-
 ** -If no avatar has been uploaded for that identity, user see default picture. Note: profile service provides picture in all cases even default one.-
 * Upon clicking Edit Avatar icon, users can browse for new avatar picture and then upload it
 ** Supported file formats - JPG , (?) PNG
 ** File max size limitation
 * Delete option is supported
 * Option to resize and crop the picture on screen is supported (see profile.sap.com)
 * Show success message or error upon new avatar upload

 

*Additional Info*

link to Figma: [https://www.figma.com/design/yyAxcNFkmELHbOy0QPKoou/Account-manager-in-SAP4me-Tickets?node-id=1232-16949&t=3nIvmut0rJ5mc2wl-0] 

 

Profile Github repo - [https://github.wdf.sap.corp/sap-community/com.sap.profile.ui/tree/main]

 

See files:
 * /com.sap.profile.ui-main/src/modules/profile/components/hero-unit/HeroUnit.tsx
 * /com.sap.profile.ui-main/src/modules/profile/components/avatar-editor/AvatarEditor.tsx

 

Link to Profile - [https://profile.sap.com/] 

 ",,C5380841,,,,,,,,,,,,,,,,ARTDATA-5024,,,,,,,,,,,,,,,,,,,,,,,IUMQA-2815,IUMQA-2816,IUMQA-2817,IUMQA-2818,IUMQA-2819,IUMQA-2820,,,,,"22 Apr 2025 07:27;C5392084;Screenshot 2025-02-25 at 15.26.01.png;https://jira.tools.sap/secure/attachment/8649319/Screenshot+2025-02-25+at+15.26.01.png",,,,,,,No,,,,,,,,No,,,,,,,,,,,,,,,,20 Nov 2024 00:00,,,,,,,,,,,,,Internal,,,,Empty,,,,,,,,,,,,,,,,,,,,,,,,,,,,,,,,,,,,,,,,,,,,,,,,,,,,,,,,,,,,,,,,,,,,,,,,,,,,[],,Green,Yes,,,,,,,,,,,,,,,,,,,,,,,Not Set,,,,,,,,,,"2|ixz34m:my",9223372036854775807,,,,,,,,,,,,,,No,,,,,,,,,,,,,,,,,,,,,,,,,,,,,,Yes,,,,,,,,,CIM Iteration 25.2.6,CIM Iteration 25.3.1,CIM Iteration 25.2.5,,,,Maintain Status information,,,8.0,,,,,,,,,,,,,Magenta,,"{""issueId"":24660007,""testStatuses"":[]}",,,,,,,,,maintain in CAL Solution Editor,,,,,,,,,maintain in CAL Solution Editor,,,,,,,,,,,"12 Jun 2025 14:38;C5380841;Will not be tested as we dont have backend.

It is disabled with feature toggle;;;",,
[Design] Create a responsive design for View and upload Avatar flow,UIDX-5121,24614806,Activity,Done,UIDX,UIDX,software,D051415,,,Medium,,C5390200,C5390200,C5390200,16 Apr 2025 10:04,06 May 2025 14:34,10 Nov 2025 12:36,,,,SAM,,,0,design,,,Create a responsive design for View and upload Avatar flow,,C5390200,,,,,,,,,,,,,,,,ARTDATA-5024,,,,,,,,,,,,,,,,,,,UIDX-4706,,,,,,,,,,,,,,,,,,,,,No,,,,,,,,No,,,,,,,,,,,,,,,,16 Apr 2025 00:00,,,,,,,,,,,,,Internal,,,,Empty,,,,,,,,,,,,,,,,,,,,,,,,,,,,,,,,,,,,,,,,,,,,,,,,,,,,,,,,,,,,,,,,,,,,,,,,,,,,[],,Green,Yes,,,,,,,,,,,,,,,,,,,,,,,Not Set,,,,,,,,,,"2|j0e63i:",9223372036854775807,,,,,,,,,,,,,,No,,,,,,,,,,,,,,,,,,,,,,,,,,,,,,Yes,,,,,,,,,CIM Iteration 25.2.4,,,,,,Maintain Status information,,,,,,,,,,,,,,,,Magenta,,"{""issueId"":24614806,""testStatuses"":[]}",,,,,,,,,maintain in CAL Solution Editor,,,,,,,,,maintain in CAL Solution Editor,,,,,,,,,,,"29 Apr 2025 12:14;C5390200;Dear team, 
Here you can find a responsive design: [link|https://www.figma.com/design/yyAxcNFkmELHbOy0QPKoou/Account-manager-in-SAP4me-Tickets?node-id=1479-14714&t=OA5MaiWobbm2UpSV-4];;;",,
[SAM][BE] UID Avatar upload and delete,UIDX-4960,24273237,Activity,Development,UIDX,UIDX,software,D051415,,,Medium,,I762755,C5392084,C5392084,21 Mar 2025 09:34,29 Oct 2025 13:27,10 Nov 2025 12:36,,,,SAM,,,0,backend,,,"*Background*

When you try to update the UID avatar image in SAM, you get redirected to profile.sap.com.  As part of UIDX-6315, now IDS image can be uploaded from SAM. We want to extend this functionality to UID. 

Unify approach between IDS and UID for read, write (add it).

*Technical Details*
 * Unlike for IDS, there is no UID Salt value for uid. So you generate the hash, just using uid. 
 * UID avatar upload url /api/v1/avatars

*Acceptance Criteria:*

A/C #1 - UID avatar can be updated in SAM
GIVEN user is interested to update UID avatar image
WHEN an attempt to do so in SAM is made
THEN avatar can be updated directly, without redirect

 ",,C5403847,I753307,,,,,,,,,,UIDX-4705,,,,,ARTDATA-5024,,,,,,,,,,,,,,,,,,,,,,,,,,,,,,,,,,,,,,,,No,,,,,,,,No,,,,,,,,,,,,,,,,20 Nov 2024 00:00,,,,,,,,,,,,,Internal,,,,Empty,,,,,,,,,,,,,,,,,,,,,,,,,,,,,,,,,,,,,,,,,,,,Blocked,,,,,,,,,,,,,,,,,,,,,,,,,,,,,,,,[],,Green,Yes,,,,,,,,,,,,,,,,,,,,,,,Not Set,,,,,,,,,,"2|iiauwp:01xw4a0a9c242htji",9223372036854775807,,,,,,,,,,,,,,No,,,,,,,,,,,,,,,,,,,,,,,,,,,,,,Yes,,,,,,,,,CIM IP Iteration 25.4.6,,,,,,Maintain Status information,,,5.0,,,,,,,,,,,,,Magenta,,"{""issueId"":24273237,""testStatuses"":[]}",,,,,,,,,maintain in CAL Solution Editor,,,,,,,,,maintain in CAL Solution Editor,,,,,,,,,,,"23 Oct 2025 13:37;I753307;As of now this task is blocked. UID Avatar can not be updated the same way as IDS, it doesn't work based on JWT token. 

I will have further discussion with profile team and update soon. 

[~I762755]  [~C5392084] ;;;","27 Oct 2025 09:08;C5403847;Update to be provided by Rama on Wednesday (29.10);;;","29 Oct 2025 13:14;C5403847;Profile team will try a POC on their side. The POC is about updating the UID avatar image with the IDS access token, its the same way we are doing for IDS avatar image now. This ticket and UIDX-4705 will slip back to CIM Iteration 25.4.6 or next PI.;;;"
"[FE] SAM | UID avatar - link to Profile app ",UIDX-4958,24270672,Story,Done,UIDX,UIDX,software,D051415,,,Medium,,C5381649,C5392084,C5392084,21 Mar 2025 07:31,06 May 2025 14:34,10 Nov 2025 12:36,,release 31.0,,SAM,,,0,frontend,,,"*As a* SAM user, *I want to have* a link to Profile app to *so that I* can easily change my UID avatar

 

*Background*

 

*Technical Details*
 * Pattern for generating the link to Profile app that directly opens the modal (Edit Profile Picture screen). 

Link for direct edit:
{code:java}
https://profile.sap.com/?edit_avatar=true{code}

*Acceptance Criteria*
 * A new edit option is available for UID avatar
 * Clicking the option opens profile.sam.com in different tab with the _Edit Profile Picture_ modal opened

*Additional Info*

[Figma|https://www.figma.com/design/yyAxcNFkmELHbOy0QPKoou/Account-manager-in-SAP4me-Tickets?node-id=1232-16949&t=3nIvmut0rJ5mc2wl-0]

Profile env
 * [https://profile-qa.sap.com/]
 * [https://profile.sap.com/] 

Since there are only 2 env it should be verified on the QA env only.

On the DEV env can be checked only that there was used valid link to based on requirement.

 ",,C5381649,C5385621,,,,,,,,,,,,,,,ARTDATA-5024,,,,,,,,,,,,,,,,,,,IUMQA-103,IUMQA-2735,,,UIDX-5240,,,,,,,,,,,,,,,,,No,,,,,,,,No,,,,,,,,,,,,,,,,20 Nov 2024 00:00,,,,,,,,,,,,,Internal,,,,Empty,,,,,,,,,,,,,,,,,,,,,,,,,,,,,,,,,,,,,,,,,,,,,,,,,,,,,,,,,,,,,,,,,,,,,,,,,,,,[],,Green,Yes,,,,,,,,,,,,,,,,,,,,,,,Not Set,,,,,,,,,,"2|ixz31e:6",9223372036854775807,,,,,,,,,,,,,,No,,,,,,,,,,,,,,,,,,,,,,,,,,,,,,Yes,,,,,,,,,CIM Iteration 25.2.4,,,,,,Maintain Status information,,,3.0,,,,,,,,,,,,,Magenta,,"{""issueId"":24270672,""testStatuses"":[]}",,,,,,,,,maintain in CAL Solution Editor,,,,,,,,,maintain in CAL Solution Editor,,,,,,,,,,,"09 Apr 2025 11:08;C5381649;Note: Button should have role=link, aria-label='Edit profile image (opens in a new tab)' and icon should be hidden for screenreader. ;;;","30 Apr 2025 10:22;C5385621;Checked on dev.

Note: Full testing will be included in the regression testing. For now, on dev, it is to ensure that after clicking the ""pen"" icon in the avatar, it redirects to the appropriate link.;;;",
"[Devops] IDS Account Avatar | Create storage and provide credentials",UIDX-4742,23944307,Activity,Requirement Rejected,UIDX,UIDX,software,D051415,,,Medium,,C5383703,C5392084,C5392084,26 Feb 2025 11:25,25 Apr 2025 07:18,10 Nov 2025 12:36,,,,SAM,,,0,DevOps,,,"*Background*

To reflect what identity is currently authenticated we show the assigned avatar picture in the masthead. Post UID removal as IDP, user will need to be able to assign avatars on different IDS identity linked to UID. So we will introduce such ability in SAM. Note the existing UID Avatar is not affected, it's still fetched from the profile.sap.com and the related APIs - see [wiki|https://wiki.one.int.sap/wiki/display/ONEPROFILE/Avatar+API]

 

*Technical Details:*
 * create storage in Azure and provide credentials

 

 ",,C5381646,C5392084,,,,,,,,,,,,,,,ARTDATA-5024,,,,,,,,,,,,,,,,,,,,,,,,,,,,,,,,,,,,,,,,No,,,,,,,,No,,,,,,,,,,,,,,,,20 Nov 2024 00:00,,,,,,,,,,,,,Internal,,,,Empty,,,,,,,,,,,,,,,,,,,,,,,,,,,,,,,,,,,,,,,,,,,,,,,,,,,,,,,,,,,,,,,,,,,,,,,,,,,,[],,Green,Yes,,,,,,,,,,,,,,,,,,,,,,,Not Set,,,,,,,,,,"2|iiauwp:01xw4a0a9ci",9223372036854775807,,,,,,,,,,,,,,No,,,,,,,,,,,,,,,,,,,,,,,,,,,,,,Yes,,,,,,,,,,,,,,,Maintain Status information,,,,,,,,,,,,,,,,Magenta,,"{""issueId"":23944307,""testStatuses"":[]}",,,,,,,,,maintain in CAL Solution Editor,,,,,,,,,maintain in CAL Solution Editor,,,,,,,,,,,"21 Mar 2025 09:09;C5381646;The ticket was put On Hold and moved to the Team Backlog. 
Let's see do we need this ticket or not. Probably all BE part will be done by external team and we can use their APIs.

CC [~C5392084] , [~C5380841] , [~I753307] , [~C5383703] ;;;","25 Apr 2025 07:18;C5392084;Profile team will enhance their existing avatar solution to handle IDS account avatars. This story is redundant;;;",
[Spike] IDS account avatar integration,UIDX-4740,23943416,Activity,Done,UIDX,UIDX,software,D051415,,,Medium,,I753307,C5392084,C5392084,26 Feb 2025 10:36,17 Apr 2025 14:44,10 Nov 2025 12:36,,,,SAM,,,0,backend,,,"*Background*

To reflect what identity is currently authenticated we show the assigned avatar picture in the masthead. Post UID removal as IDP, user will need to be able to assign avatars on different IDS identity linked to UID. So we will introduce such ability in SAM. 

Current intention is that SAP Profile APIs will be extended so that it can support IDS account avatars (to be done by the community team). SAM will consume those APIs so that users can maintain their IDS account avatars

*Technical Details*
 * Support community team with any UID/IDS related questions and design discussions
 * Investigate and document:
 ** Authentication approach for both scenarios 1) SAM to Avatar to Profile APIs and 2) Account Switcher to Profile APIs
 ** Generating a link on SAM side that navigate the user directly to Edit Profile Picture in profile.sap.com (UIDX-4958)
 ** Endpoints that need to be called from SAM to upload/edit/delete IDS account avatars (UIDX-4705)

 

 

{color:#c1c7d0}*Technical Details*{color}
 * {color:#c1c7d0}define security approach for Read operations (how applications will connect and fetch the avatar from the new API we will create){color}
 ** {color:#c1c7d0}Custom algorithm called from applications on the FE (similar to what SAP Community team introduce for their Avatar API: id + custom logic + hashing){color}
 ** {color:#c1c7d0}Backend to Backend using CTS - note this will require more work for app to integrate with{color}
 ** {color:#c1c7d0}another option (?){color}
 * {color:#c1c7d0}define storage approach - Azure Blob storage vs Mongo DB vs other options{color}
 * {color:#c1c7d0}define approach on how do we force/validate the aspect ratio 1:1 and how do we resize - what library to use, etc.{color}

 

{color:#c1c7d0}*Success Criteria*{color}
 * {color:#c1c7d0}Storage approach defined and agreed{color}
 * {color:#c1c7d0}Security approach defined and agreed{color}

 

 

 ",,I753307,,,,,,,,,,,,ONEPRO-967,,,,ARTDATA-5024,,,,,,,,,,,,,,,,,,,,,,,,,,,,,,,,,,,,,,,,No,,,,,,,,No,,,,,,,,,,,,,,,,20 Nov 2024 00:00,,,,,,,,,,,,,Internal,,,,Empty,,,,,,,,,,,,,,,,,,,,,,,,,,,,,,,,,,,,,,,,,,,,,,,,,,,,,,,,,,,,,,,,,,,,,,,,,,,,[],,Green,Yes,,,,,,,,,,,,,,,,,,,,,,,Not Set,,,,,,,,,,"2|ixdfpc:",9223372036854775807,,,,,,,,,,,,,,No,,,,,,,,,,,,,,,,,,,,,,,,,,,,,,Yes,,,,,,,,,CIM Iteration 25.2.3,,,,,,Maintain Status information,,,8.0,,,,,,,,,,,,,Magenta,,"{""issueId"":23943416,""testStatuses"":[]}",,,,,,,,,maintain in CAL Solution Editor,,,,,,,,,maintain in CAL Solution Editor,,,,,,,,,,,"17 Apr 2025 13:54;I753307;Discussion with profile team, is been documented in wiki [[here]|https://wiki.one.int.sap/wiki/x/f1HcNgE];;;",,
"[BE] IDS Account Avatar | Write endpoint for avatars",UIDX-4739,23943410,Activity,Requirement Rejected,UIDX,UIDX,software,D051415,,,Medium,,,C5392084,C5392084,26 Feb 2025 10:35,25 Apr 2025 07:17,10 Nov 2025 12:36,,,,SAM,,,0,backend,,,"*Background*

To reflect what identity is currently authenticated we show the assigned avatar picture in the masthead. Post UID removal as IDP, user will need to be able to assign avatars on different IDS identity linked to UID. So we will introduce such ability in SAM. Note the existing UID Avatar is not affected, it's still fetched from the profile.sap.com and the related APIs - see [wiki|https://wiki.one.int.sap/wiki/display/ONEPROFILE/Avatar+API]

This task is about creating new write endpoints that will allow users to upload such avatar in SAM

*Technical Details*
 * New endpoint to upload avatar in storage (Azure or DB) 
 ** Max size - introduce configurable limit
 ** File format - JPG and (?) PNG 
 ** Expected check aspect ratio is 1:1 (how do we validate that on the BE (?))
 ** Resize (pixels) - possible via configuration - we need some library to be able to resize (?)

 
 * Parameters
 ** TBC 

 

*Success Criteria*
 * Endpoint allows avatar upload 
 * Errors/Validations in place for file format, size, etc. 

 

 ",,C5392084,I753307,,,,,,,,,,,,,,,ARTDATA-5024,,,,,,,,,,,,,,,,,,,,,,,,,,,,,,,,,,,,,,,,No,,,,,,,,No,,,,,,,,,,,,,,,,20 Nov 2024 00:00,,,,,,,,,,,,,Internal,,,,Empty,,,,,,,,,,,,,,,,,,,,,,,,,,,,,,,,,,,,,,,,,,,,,,,,,,,,,,,,,,,,,,,,,,,,,,,,,,,,[],,Green,Yes,,,,,,,,,,,,,,,,,,,,,,,Not Set,,,,,,,,,,"2|iiauwp:01xw4a0ak",9223372036854775807,,,,,,,,,,,,,,No,,,,,,,,,,,,,,,,,,,,,,,,,,,,,,Yes,,,,,,,,,,,,,,,Maintain Status information,,,8.0,,,,,,,,,,,,,Magenta,,"{""issueId"":23943410,""testStatuses"":[]}",,,,,,,,,maintain in CAL Solution Editor,,,,,,,,,maintain in CAL Solution Editor,,,,,,,,,,,"27 Feb 2025 09:01;I753307;Open Question:

Are we expecting SPs, which does not use CTS to request the avatar rest API ?;;;","27 Feb 2025 10:19;C5392084;This story is about Write endpoints and avatar creation/upload will be done only in SAM. Regarding Read endpoints, yes, I would expect application that do not use CTS will want to display the avatar.;;;","25 Apr 2025 07:17;C5392084;Profile team will enhance their existing avatar solution to handle IDS account avatars. This story is redundant;;;"
[BE] SAM - Read endpoints for avatars,UIDX-4707,23908497,Activity,Requirement Rejected,UIDX,UIDX,software,D051415,,,Medium,,,C5392084,C5392084,24 Feb 2025 14:42,25 Apr 2025 07:16,10 Nov 2025 12:36,,,,SAM,,,0,backend,,,"*Background*

To reflect what identity is currently authenticated we show the assigned avatar picture in the masthead. Post UID removal as IDP, user will need to be able to assign avatars on different IDS identity linked to UID. So we will introduce such ability in SAM. Note the existing UID Avatar is not affected, it's still fetched from the profile.sap.com and the related APIs - see [wiki|https://wiki.one.int.sap/wiki/display/ONEPROFILE/Avatar+API]

This task is about creating new read endpoints that will allow SAM, Account Switcher and other applications that want to make use of this functionality to display such avatar

*Technical Details*
 * Two new endpoints
 ** read avatar based on Custom algorithm or CTS scope (depending on agreed approach) - used by external Apps + Account Switcher
 ** read avatar based on IDS and verify that idsName belongs (linked under UID) to accessToken - used by SAM
 ** We need to have default avatar
 * Parameters
 ** TBC 

 

*Success Criteria*
 * Read endpoints return the correct result 

 

 

 ",,C5392084,,,,,,,,,,,,,,,,ARTDATA-5024,,,,,,,,,,,,,,,,,,,,,,,,,,,,,,,,,,,,,,,,No,,,,,,,,No,,,,,,,,,,,,,,,,20 Nov 2024 00:00,,,,,,,,,,,,,Internal,,,,Empty,,,,,,,,,,,,,,,,,,,,,,,,,,,,,,,,,,,,,,,,,,,,,,,,,,,,,,,,,,,,,,,,,,,,,,,,,,,,[],,Green,Yes,,,,,,,,,,,,,,,,,,,,,,,Not Set,,,,,,,,,,"2|iiauwp:01xw4a0ar",9223372036854775807,,,,,,,,,,,,,,No,,,,,,,,,,,,,,,,,,,,,,,,,,,,,,Yes,,,,,,,,,,,,,,,Maintain Status information,,,8.0,,,,,,,,,,,,,Magenta,,"{""issueId"":23908497,""testStatuses"":[]}",,,,,,,,,maintain in CAL Solution Editor,,,,,,,,,maintain in CAL Solution Editor,,,,,,,,,,,"25 Apr 2025 07:16;C5392084;Profile team will enhance their existing avatar solution to handle IDS account avatars. This story is redundant

 ;;;",,
"[Design] SAM | View and upload  Avatar",UIDX-4706,23908494,Activity,Done,UIDX,UIDX,software,D051415,,,Medium,,C5390200,C5392084,C5392084,24 Feb 2025 14:41,16 Apr 2025 10:04,10 Nov 2025 12:36,,,,SAM,,,0,design,,,"*Background*

To reflect what identity is currently authenticated we show the assigned avatar picture in the masthead. Post UID removal as IDP, user will need to be able to assign avatars on different IDS identity linked to UID. This story is about introducing such ability in SAM. 

 

*Acceptance Criteria*
 * UID avatar - for now there will be no option to upload UID avatar in SAM but will provide an _Edit_ icon/button which will open [https://profile-qa.sap.com|https://profile-qa.sap.com/u/val_dinchev] in different tab. 
 * IDS account avatar
 ** Upon selecting an identity in the Identity table, user can view the existing avatar in the details section on the right
 *** If no avatar has been uploaded for that identity, user see default avatar 
 ** Upon clicking Edit Avatar icon, a popup/modal window opens where users can browse for new avatar picture (or drag and drop) and then upload it
 **  It's possible to delete an avatar from that window
 ** Show success message or error upon new avatar upload - ""Your avatar has been updated. Please note that it may take up to 30 minutes before your avatar is updated on all SAP systems.""
 ** Please check existing functionality on [https://profile-qa.sap.com|https://profile-qa.sap.com/u/val_dinchev]  Current understanding is that will re-use the existing backend from Profile application and we will only create a separate FE part on our side - but we should keep our UX as close as possible to theirs   

 ",,C5390200,,,,,,,,,,,,,,,,ARTDATA-5024,,,,,,,,,,,,,,,,,,,,,,,UIDX-5121,,,,,,,,,,,,,,,,,No,,,,,,,,No,,,,,,,,,,,,,,,,20 Nov 2024 00:00,,,,,,,,,,,,,Internal,,,,Empty,,,,,,,,,,,,,,,,,,,,,,,,,,,,,,,,,,,,,,,,,,,,,,,,,,,,,,,,,,,,,,,,,,,,,,,,,,,,[],,Green,Yes,,,,,,,,,,,,,,,,,,,,,,,Not Set,,,,,,,,,,"2|ixf63d:",9223372036854775807,,,,,,,,,,,,,,No,,,,,,,,,,,,,,,,,,,,,,,,,,,,,,Yes,,,,,,,,,CIM Iteration 25.2.2,,,,,,Maintain Status information,,,,,,,,,,,,,,,,Magenta,,"{""issueId"":23908494,""testStatuses"":[]}",,,,,,,,,maintain in CAL Solution Editor,,,,,,,,,maintain in CAL Solution Editor,,,,,,,,,,,"04 Apr 2025 07:42;C5390200;Dear team,
here you can find a design: [link|http://https://www.figma.com/design/yyAxcNFkmELHbOy0QPKoou/Account-manager-in-SAP4me-Tickets?node-id=1232-16949&t=lsbppuEXdDxyPCZQ-4] ;;;",,
[SAM][FE] Enable UID Avatar to be updated within SAM,UIDX-4705,23907848,Story,Ready for Implementation,UIDX,UIDX,software,D051415,,,Medium,,I762755,C5392084,C5392084,24 Feb 2025 14:25,29 Oct 2025 13:27,10 Nov 2025 12:36,,,,SAM,,,0,frontend,,,"*Background:*
Needs back-end work first under UIDX-6315.

As a SAM user
I want to be able to update UID avatar within SAM 
So that I can manage my avatar better without being redirected to profile 

*Technical Details:*
Implementation is similar to what is done for IDS Avatar.

API endpoints will be provided after UIDX-6315 implementation. 

BE work in UIDX-4960

*Acceptance Criteria:*
GIVEN I am a logged-in SAM user
WHEN I access my avatar and choose to update it
THEN I should be able to within SAM, without being redirected to profile",,C5403847,,,,,,,,,,,,UIDX-4960,,,UIDX-6315,ARTDATA-5024,,,,,,,,,,,,,,,,,,,,,,,,,,,,,,,,,"26 Feb 2025 08:21;C5381649;Screenshot 2025-02-25 at 15.26.01.png;https://jira.tools.sap/secure/attachment/8223093/Screenshot+2025-02-25+at+15.26.01.png",,,,,,,No,,,,,,,,No,,,,,,,,,,,,,,,,20 Nov 2024 00:00,,,,,,,,,,,,,Internal,,,,Empty,,,,,,,,,,,,,,,,,,,,,,,,,,,,,,,,,,,,,,,,,,,,Blocked,,,,,,,,,,,,,,,,,,,,,,,,,,,,,,,,[],,Green,Yes,,,,,,,,,,,,,,,,,,,,,,,Not Set,,,,,,,,,,"2|iiauwp:01xw4a0a9c242htjr",9223372036854775807,,,,,,,,,,,,,,No,,,,,,,,,,,,,,,,,,,,,,,,,,,,,,Yes,,,,,,,,,CIM IP Iteration 25.4.6,,,,,,Maintain Status information,,,5.0,,,,,,,,,,,,,Magenta,,"{""issueId"":23907848,""testStatuses"":[]}",,,,,,,,,maintain in CAL Solution Editor,,,,,,,,,maintain in CAL Solution Editor,,,,,,,,,,,"27 Oct 2025 09:09;C5403847;Update to be provided by Rama on Wednesday (29.10);;;","29 Oct 2025 13:15;C5403847;Profile team will try a POC on their side. The POC is about updating the UID avatar image with the IDS access token, its the same way we are doing for IDS avatar image now. This ticket and UIDX-4960 will slip back to CIM Iteration 25.4.6 or next PI.;;;",
"Account Manager | Avatar Picker For IDS User",ARTDATA-5024,23775820,Feature,In Development,ARTDATA,DATA Agile Release Train,software,D046689,,,High,,C5403847,D019626,D019626,13 Feb 2025 13:59,10 Nov 2025 03:21,10 Nov 2025 12:36,,,,Identity Renovation,,,0,Magenta,PI-Q4-2025,UID,"*Brief Context*
To reflect what identity is currently authenticated we show the assigned avatar picture in the masthead. To be bae to do so we need a functionality in SAM to assign avatar photos to linked identities.

*Acceptance Criteria*
 - Provide possibility for all linked user to set an avatar picture. That picture will be used to show the current chosen account in the header area.
 -- Align with Community team if we can re-use the avatar picker they already created for UID users.

 *Additional Information*
 - Community avatar picker: Authenticate to community.sap.com. Click in the avatar in the upper right corner which open a pop-up. On that pop-up click 'My Account'. Now your profile opens where you can choose/change your avatar picture.
 - Contact person for account picker is Mirko Friedrich.
 - Same functionality as we use already for UID avatars. That functionality is now enhanced to support as well IDS accounts
 - Figma: [https://www.figma.com/design/yyAxcNFkmELHbOy0QPKoou/Account-manager-in-SAP4me-Tickets?node-id=1479-14699&t=NTSp75Gtjr37fxEM-1] [https://www.figma.com/design/yyAxcNFkmELHbOy0QPKoou/Account-manager-in-SAP4me-Tickets?node-id=1232-16949&t=66AddmyqSZnY9xn7-1]
 - Implementation Technical Details > https://wiki.one.int.sap/wiki/x/40sEQgE",,,,,,,,,,,,,,,,,,DARTOBJECTIVES-1926,SP-29988,UIDX-4705,UIDX-4706,UIDX-4707,UIDX-4739,UIDX-4740,UIDX-4742,UIDX-4958,UIDX-4960,UIDX-5146,UIDX-5121,UIDX-6313,UIDX-6314,UIDX-6315,UIDX-6316,UIDX-6317,UIDX-6318,UIDX-6351,,,,,DARTOBJECTIVES-2455,,,,,,,,,SP-24739,,,,,,,,No,,,,,,,,No,,,,,,,,,,,Continuous Optimization,,,,,06 Aug 2024 00:00,,,,,,,,,,,,,Internal,"{""id"":1,""name"":""Feature is implemented"",""mandatory"":true,""rank"":0,""statusId"":""none"",""dueDate"":null,""isHeader"":false,""checked"":false,""priorityId"":null,""assigneeIds"":[],""globalItemId"":61022,""version"":""5.0"",""linkedIssueKey"":null}","{""id"":2,""name"":""Feature is documented"",""mandatory"":true,""rank"":1,""statusId"":""none"",""dueDate"":null,""isHeader"":false,""checked"":false,""priorityId"":null,""assigneeIds"":[],""globalItemId"":61024,""version"":""5.0"",""linkedIssueKey"":null}","{""id"":3,""name"":""Feature is accepted by Requestor"",""mandatory"":true,""rank"":2,""statusId"":""none"",""dueDate"":null,""isHeader"":false,""checked"":false,""priorityId"":null,""assigneeIds"":[],""globalItemId"":61023,""version"":""5.0"",""linkedIssueKey"":null}",0/3,"{""id"":1,""name"":""Feature is linked to solution epic via \""resolves\"""",""mandatory"":true,""rank"":0,""statusId"":""none"",""dueDate"":null,""isHeader"":false,""checked"":false,""priorityId"":null,""assigneeIds"":[],""globalItemId"":61021,""version"":""5.0"",""linkedIssueKey"":null}","{""id"":2,""name"":""Feature was presented by business/PM"",""mandatory"":false,""rank"":1,""statusId"":""none"",""dueDate"":null,""isHeader"":false,""checked"":false,""priorityId"":null,""assigneeIds"":[],""globalItemId"":61012,""version"":""5.0"",""linkedIssueKey"":null}","{""id"":3,""name"":""Determined if enabler or features"",""mandatory"":false,""rank"":2,""statusId"":""none"",""dueDate"":null,""isHeader"":false,""checked"":false,""priorityId"":null,""assigneeIds"":[],""globalItemId"":61017,""version"":""5.0"",""linkedIssueKey"":null}","{""id"":4,""name"":""Benefit Hypothesis defined"",""mandatory"":true,""rank"":3,""statusId"":""none"",""dueDate"":null,""isHeader"":false,""checked"":false,""priorityId"":null,""assigneeIds"":[],""globalItemId"":61009,""version"":""5.0"",""linkedIssueKey"":null}","{""id"":5,""name"":""Acceptance Criteria defined"",""mandatory"":true,""rank"":4,""statusId"":""none"",""dueDate"":null,""isHeader"":false,""checked"":false,""priorityId"":null,""assigneeIds"":[],""globalItemId"":61019,""version"":""5.0"",""linkedIssueKey"":null}","{""id"":6,""name"":""Feature is estimated"",""mandatory"":true,""rank"":5,""statusId"":""none"",""dueDate"":null,""isHeader"":false,""checked"":false,""priorityId"":null,""assigneeIds"":[],""globalItemId"":61020,""version"":""5.0"",""linkedIssueKey"":null}","{""id"":7,""name"":""Team accepts Features"",""mandatory"":false,""rank"":6,""statusId"":""none"",""dueDate"":null,""isHeader"":false,""checked"":false,""priorityId"":null,""assigneeIds"":[],""globalItemId"":61010,""version"":""5.0"",""linkedIssueKey"":null}","{""id"":8,""name"":""Dependencies identified"",""mandatory"":false,""rank"":7,""statusId"":""none"",""dueDate"":null,""isHeader"":false,""checked"":false,""priorityId"":null,""assigneeIds"":[],""globalItemId"":61011,""version"":""5.0"",""linkedIssueKey"":null}","{""id"":9,""name"":""Involved parties identified and contacted"",""mandatory"":false,""rank"":8,""statusId"":""none"",""dueDate"":null,""isHeader"":false,""checked"":false,""priorityId"":null,""assigneeIds"":[],""globalItemId"":61014,""version"":""5.0"",""linkedIssueKey"":null}","{""id"":10,""name"":""Feature is prioritised by business/PM"",""mandatory"":false,""rank"":9,""statusId"":""none"",""dueDate"":null,""isHeader"":false,""checked"":false,""priorityId"":null,""assigneeIds"":[],""globalItemId"":61018,""version"":""5.0"",""linkedIssueKey"":null}","{""id"":11,""name"":""Can be delivered in one PI"",""mandatory"":true,""rank"":10,""statusId"":""none"",""dueDate"":null,""isHeader"":false,""checked"":false,""priorityId"":null,""assigneeIds"":[],""globalItemId"":61016,""version"":""5.0"",""linkedIssueKey"":null}","{""id"":12,""name"":""In-scope/Out-of-scope is defined"",""mandatory"":false,""rank"":11,""statusId"":""none"",""dueDate"":null,""isHeader"":false,""checked"":false,""priorityId"":null,""assigneeIds"":[],""globalItemId"":61013,""version"":""5.0"",""linkedIssueKey"":null}","{""id"":13,""name"":""All questions have been addressed \u0026 answered"",""mandatory"":false,""rank"":12,""statusId"":""none"",""dueDate"":null,""isHeader"":false,""checked"":false,""priorityId"":null,""assigneeIds"":[],""globalItemId"":61015,""version"":""5.0"",""linkedIssueKey"":null}",,,PDT - Data Management,,,,,,,,,,,,,,,,,,,,,,,,,,,,,,,,,,,,,,,,,,,,,,Continuous Optimization -> Funnel 07 IT,,,,,,,,,,,,,,[],,Green,Yes,,,,,,,,,07 Dec 2025 00:00,,,,,,,,,,,,Customer Identity Management,,Not Set,,,,,,,,,,"2|iwg6u6:",9223372036854775807,,,,,,,245.0,,,,,,,No,,,,,,,,,,,,,,,,,,,,,,,,,,,,,,Yes,,,,Customer Wagon,,,,,,,,,,,Maintain Status information,,,8.0,,,,,,,,PI25/4,,,,,Identity Magenta,,"{""issueId"":23775820,""testStatuses"":[]}",,,,,,,,,maintain in CAL Solution Editor,,,,,,,,,maintain in CAL Solution Editor,,,,9.0,,,0.0,,,,,,
